tools.performance_monitor.performance_monitor
tools.external_service_integration.external_service_integration
tools.tool_executor_guardian.tool_executor_guardian
tools.tool_executor.tool_executor
tools.tool_orchestrator.tool_orchestrator
bio.compound_governor.compound_governor
bio.qi.qi
bio.voice.voice
bio.symbolic_proteome.symbolic_proteome
bio.matriz_adapter.matriz_adapter
bio.adapters.adapters
bio.energy.spirulina_atp_system.spirulina_atp_system
core.bootstrap.bootstrap
core.minimal_actor.minimal_actor
core.fault_tolerance.fault_tolerance
core.integrated_system.integrated_system
core.integration_hub.integration_hub
core.resource_efficiency_analyzer.resource_efficiency_analyzer
core.quorum_override.quorum_override
core.module_manager.module_manager
core.resource_scheduler.resource_scheduler
core.plugin_registry.plugin_registry
core.actor_supervision_integration.actor_supervision_integration
core.resource_optimization_integration.resource_optimization_integration
core.id.id
core.distributed_tracing.distributed_tracing
core.api_diff_analyzer.api_diff_analyzer
core.p2p_fabric.p2p_fabric
core.image_processing_pipeline.image_processing_pipeline
core.framework_integration.framework_integration
core.consciousness_network_monitor.consciousness_network_monitor
core.core_hub.core_hub
core.cluster_sharding.cluster_sharding
core.enhanced_swarm.enhanced_swarm
core.event_sourcing.event_sourcing
core.specialized_colonies.specialized_colonies
core.symbolic_arbitration.symbolic_arbitration
core.core_system.core_system
core.energy_consumption_analysis.energy_consumption_analysis
core.matriz_integrated_demonstration.matriz_integrated_demonstration
core.fallback_services.fallback_services
core.consistency_manager.consistency_manager
core.event_bus.event_bus
core.adaptive_ux_engine.adaptive_ux_engine
core.consciousness_data_flow.consciousness_data_flow
core.core_utilities.core_utilities
core.supervision.supervision
core.bot.bot
core.efficient_communication.efficient_communication
core.observability_steering.observability_steering
core.collaboration.collaboration
core.task_manager.task_manager
core.settings.settings
core.mailbox.mailbox
core.neuroplastic_connector.neuroplastic_connector
core.errors.errors
core.quantized_thought_cycles.quantized_thought_cycles
core.quantized_cycle_manager.quantized_cycle_manager
core.neural_bridge.neural_bridge
core.enhanced_matriz_adapter.enhanced_matriz_adapter
core.identity_aware_base.identity_aware_base
core.actor_model.actor_model
core.coordination.coordination
core.swarm_visualizer.swarm_visualizer
core.memory_core.memory_core
core.resource_efficiency.resource_efficiency
core.metrics_contract.metrics_contract
core.actor_system.actor_system
core.p2p_communication.p2p_communication
core.matriz_adapter.matriz_adapter
core.state_management.state_management
core.observatory.observatory
core.decorators.decorators
core.symbolic_legacy.swarm_tag_simulation.swarm_tag_simulation
core.symbolic_legacy.symbolic_glyph_hash.symbolic_glyph_hash
core.quantum_financial.quantum_financial_consciousness_engine.quantum_financial_consciousness_engine
core.colonies.temporal_colony.temporal_colony
core.colonies.swarm_simulation.swarm_simulation
core.colonies.creativity_colony.creativity_colony
core.colonies.consensus_mechanisms.consensus_mechanisms
core.colonies.tag_propagation.tag_propagation
core.colonies.tensor_colony_ops.tensor_colony_ops
core.colonies.memory_colony.memory_colony
core.colonies.colony.colony
core.colonies.base_colony.base_colony
core.colonies.supervisor_agent.supervisor_agent
core.colonies.governance_colony.governance_colony
core.colonies.consensus_algorithms.consensus_algorithms
core.colonies.reasoning_colony.reasoning_colony
core.colonies.ethics_swarm_colony.ethics_swarm_colony
core.identity.matriz_consciousness_identity_signals.matriz_consciousness_identity_signals
core.identity.matriz_consciousness_identity.matriz_consciousness_identity
core.identity.mapper.mapper
core.identity.id_manager.id_manager
core.identity.consciousness_tiered_authentication.consciousness_tiered_authentication
core.identity.constellation_validation_test.constellation_validation_test
core.identity.test_consciousness_identity_patterns.test_consciousness_identity_patterns
core.identity.test_consciousness_tiered_authentication.test_consciousness_tiered_authentication
core.identity.processor.processor
core.identity.identity_manager.identity_manager
core.identity.consciousness_namespace_isolation.consciousness_namespace_isolation
core.identity.engine.engine
core.identity.persona_engine.persona_engine
core.identity.consciousness_coherence_monitor.consciousness_coherence_monitor
core.identity.lambda_id_core.lambda_id_core
core.security.auth.auth
core.security.credential_manager.credential_manager
core.security.defense_monitor.defense_monitor
core.security.cognitive_security.cognitive_security
core.security.agi_security.agi_security
core.security.secure_logging.secure_logging
core.security.crypto.crypto
core.security.security_policy.security_policy
core.security.security_integration.security_integration
core.security.kms_manager.kms_manager
core.security.enhanced_crypto.enhanced_crypto
core.collective.collective_ad_mind.collective_ad_mind
core.collective.swarm.swarm_recommendations.swarm_recommendations
core.collective.clusters.consciousness_clusters.consciousness_clusters
core.collective.routing.altruistic_router.altruistic_router
core.integration.neural_symbolic_bridge.neural_symbolic_bridge
core.integration.pr_security_review_github_actions.pr_security_review_github_actions
core.integration.pwm_deep_analysis.pwm_deep_analysis
core.integration.connectivity_engine.connectivity_engine
core.integration.security_pr_analyzer.security_pr_analyzer
core.integration.dast_integration_hub.dast_integration_hub
core.integration.consolidate_bio_symbolic_coherence.consolidate_bio_symbolic_coherence
core.integration.current_connectivity_analysis.current_connectivity_analysis
core.integration.dynamic_modality_broker.dynamic_modality_broker
core.integration.neuroplastic_consolidator.neuroplastic_consolidator
core.integration.layer.layer
core.integration.pr_security_review_task.pr_security_review_task
core.integration.hub_registry.hub_registry
core.integration.consolidate_symbolic_communication.consolidate_symbolic_communication
core.integration.service_discovery.service_discovery
core.integration.system_bridge.system_bridge
core.integration.innovation_orchestrator.innovation_prioritization_engine.innovation_prioritization_engine
core.integration.innovation_orchestrator.breakthrough_synthesis_engine.breakthrough_synthesis_engine
core.integration.innovation_orchestrator.resource_allocation_optimizer.resource_allocation_optimizer
core.consciousness.matriz_consciousness_orchestrator.matriz_consciousness_orchestrator
core.consciousness.matriz_consciousness_state.matriz_consciousness_state
core.consciousness.oracle.receptivity_windows.receptivity_windows
core.consciousness.oracle.prediction_engine.prediction_engine
core.consciousness.oracle.oracle.oracle
core.business.guardian_integrated_platform.guardian_integrated_platform
core.business.api_budget_manager.api_budget_manager
core.business.consciousness_cache.consciousness_cache
core.business.revenue_tracker.revenue_tracker
core.utils.symbolic_utils.symbolic_utils
core.utils.user_interaction_init.user_interaction_init
core.utils.tracing_init.tracing_init
core.utils.bio_orchestrator_orchestrator.bio_orchestrator_orchestrator
core.utils.grow_init.grow_init
core.observability.constellation_framework_monitor.constellation_framework_monitor
core.observability.collector.collector
core.observability.system_health_monitor.system_health_monitor
core.tags.registry.registry
core.safety.constitutional_safety.constitutional_safety
core.safety.multi_agent_consensus.multi_agent_consensus
core.adapters.qi_service_adapter.qi_service_adapter
core.adapters.module_service_adapter.module_service_adapter
core.adapters.seven_agent_adapter.seven_agent_adapter
core.common.glyph.glyph
core.common.config.config
core.common.logger.logger
core.common.base_module.base_module
core.common.decorators.decorators
core.ethics.guardian_drift_bands.guardian_drift_bands
core.ethics.ab_safety_guard.ab_safety_guard
core.ethics.dream_ethics_injector.dream_ethics_injector
core.ethics.safety_tags.safety_tags
core.ethics.logic.ethics_engine.ethics_engine
core.ethics.logic.rule_loader.rule_loader
core.ethics.logic.dsl_lite.dsl_lite
core.audit.audit_analytics.audit_analytics
core.audit.audit_integration_example.audit_integration_example
core.audit.audit_decorators.audit_decorators
core.audit.audit_trail.audit_trail
core.symbolism.methylation_model.methylation_model
core.symbolism.tags.tags
core.symbolic_core.matriz_symbolic_consciousness.matriz_symbolic_consciousness
core.symbolic_core.swarm_tag_simulation.swarm_tag_simulation
core.symbolic_core.symbolic_glyph_hash.symbolic_glyph_hash
core.orchestration.main_orchestrator.main_orchestrator
core.orchestration.consensus_arbitrator.consensus_arbitrator
core.orchestration.workflow_engine.workflow_engine
core.orchestration.meta_controller.meta_controller
core.orchestration.service_registry.service_registry
core.orchestration.integration_engine.integration_engine
core.orchestration.agent_orchestrator.agent_orchestrator
core.orchestration.router.router
core.orchestration.matriz_consciousness_coordinator.matriz_consciousness_coordinator
core.orchestration.otel.otel
core.orchestration.base.base
core.orchestration.plan_verifier.plan_verifier
core.orchestration.brain.symbol_validator.symbol_validator
core.orchestration.brain.canadian_awareness_engine.canadian_awareness_engine
core.orchestration.brain.us_institutional_awareness_engine.us_institutional_awareness_engine
core.orchestration.brain.controller.controller
core.orchestration.brain.das_awareness_engine.das_awareness_engine
core.orchestration.brain.dynamic_adaptive_dashboard.dynamic_adaptive_dashboard
core.orchestration.brain.qi_annealed_consensus.qi_annealed_consensus
core.orchestration.brain.federated_integration.federated_integration
core.orchestration.brain.eu_awareness_engine.eu_awareness_engine
core.orchestration.brain.eu_ai_transparency.eu_ai_transparency
core.orchestration.brain.uk_awareness_engine.uk_awareness_engine
core.orchestration.brain.llm_engine.llm_engine
core.orchestration.brain.prime_oscillator.prime_oscillator
core.orchestration.brain.learn_to_learn.learn_to_learn
core.orchestration.brain.trace_memory_logger.trace_memory_logger
core.orchestration.brain.privacy_manager.privacy_manager
core.orchestration.brain.core_system.core_system
core.orchestration.brain.qi_neuro_symbolic_engine.qi_neuro_symbolic_engine
core.orchestration.brain.safety_guardrails.safety_guardrails
core.orchestration.brain.identity_manager.identity_manager
core.orchestration.brain.lambda_bot_batch_processor.lambda_bot_batch_processor
core.orchestration.brain.colony_coordinator.colony_coordinator
core.orchestration.brain.collapse_chain_integrity.collapse_chain_integrity
core.orchestration.brain.brain.brain
core.orchestration.brain.lambdabot_autonomous_workflow_fixer.lambdabot_autonomous_workflow_fixer
core.orchestration.brain.autonomous_system.autonomous_system
core.orchestration.brain.lambdabot_autonomous_fixer.lambdabot_autonomous_fixer
core.orchestration.brain.fix_lambda_symbols.fix_lambda_symbols
core.orchestration.brain.emotional_resonance.emotional_resonance
core.orchestration.brain.experience_manager.experience_manager
core.orchestration.brain.MultiBrainSymphony.MultiBrainSymphony
core.orchestration.brain.GlobalInstitutionalCompliantEngine.GlobalInstitutionalCompliantEngine
core.orchestration.brain.vulnerability_dashboard.vulnerability_dashboard
core.orchestration.brain.main_bot.main_bot
core.orchestration.brain.collaborative_ai_agent_system.collaborative_ai_agent_system
core.orchestration.brain.compliance_registry.compliance_registry
core.orchestration.brain.entropy_probe.entropy_probe
core.orchestration.brain.ai_compliance.ai_compliance
core.orchestration.brain.GlobalInstitutionalFramework.GlobalInstitutionalFramework
core.orchestration.brain.spine.main_loop.main_loop
core.orchestration.brain.spine.emotion_trend_tracker.emotion_trend_tracker
core.orchestration.brain.spine.self_reflect_cron.self_reflect_cron
core.orchestration.brain.spine.accent_adapter.accent_adapter
core.orchestration.brain.spine.hash.hash
core.orchestration.brain.spine.emotion_mapper.emotion_mapper
core.orchestration.brain.spine.emotion_mapper_alt.emotion_mapper_alt
core.orchestration.brain.integration.federated_integrator.federated_integrator
core.orchestration.brain.personality.personality.personality
core.orchestration.brain.personality.creative_personality.creative_personality
core.orchestration.brain.personality.creative_expressions.creative_expressions
core.orchestration.brain.personality.personality_refiner.personality_refiner
core.orchestration.brain.abstract_reasoning.confidence_calibrator.confidence_calibrator
core.orchestration.brain.abstract_reasoning.core.core
core.orchestration.brain.orchestration.the_oscillator.the_oscillator
core.orchestration.brain.orchestration.emotional_oscillator.emotional_oscillator
core.orchestration.brain.neural.neural_intelligence_api.neural_intelligence_api
core.orchestration.brain.neural.neural_intelligence_main.neural_intelligence_main
core.orchestration.user_feedback.symbolic_tuner.symbolic_tuner
core.orchestration.core_modules.signals.signals
core.orchestration.core_modules.workflow_engine.workflow_engine
core.orchestration.core_modules.signal_middleware.signal_middleware
core.governance.constitutional_compliance_engine.constitutional_compliance_engine
core.governance.matriz_consciousness_governance.matriz_consciousness_governance
core.governance.constitutional_ai.constitutional_ai
core.governance.guardian_testing_framework.guardian_testing_framework
core.governance.guardian_system_2.guardian_system_2
core.governance.governance_colony.governance_colony
core.governance.guardian_system_2_demo.guardian_system_2_demo
core.governance.guardian_integration.guardian_integration
core.api.api_server.api_server
core.api.service_implementations.service_implementations
core.api.api_client.api_client
core.glyph.dream_glyph_bridge.dream_glyph_bridge
core.glyph.glyph.glyph
core.glyph.universal_symbol_protocol.universal_symbol_protocol
core.glyph.glyph_exchange.glyph_exchange
core.glyph.symbolic_foundry.symbolic_foundry
core.glyph.glyph_engine.glyph_engine
core.glyph.symbolic_contextual_mapping_colony.symbolic_contextual_mapping_colony
core.glyph.glyph_ethics_validator.glyph_ethics_validator
core.glyph.multilingual_glyph_engine.multilingual_glyph_engine
core.glyph.glyph_sentinel.glyph_sentinel
core.glyph.glyphs.glyphs
core.glyph.personal_symbol_dictionary.personal_symbol_dictionary
core.glyph.api_manager.api_manager
core.glyph.token_engine.token_engine
core.glyph.glyph_redactor_engine.glyph_redactor_engine
core.symbolic.neural_symbolic_bridge.neural_symbolic_bridge
core.symbolic.voice_vocabulary.voice_vocabulary
core.symbolic.dream_vocabulary.dream_vocabulary
core.symbolic.entropy_calculator.entropy_calculator
core.symbolic.crista_optimizer.crista_optimizer
core.symbolic.symbolic_logic_engine.symbolic_logic_engine
core.symbolic.symbolic_hub.symbolic_hub
core.symbolic.symbolic_contract.symbolic_contract
core.symbolic.id_builder.id_builder
core.symbolic.identity_vocabulary.identity_vocabulary
core.symbolic.symbolic_knowledge_integration.symbolic_knowledge_integration
core.symbolic.qrs_manager.qrs_manager
core.symbolic.usage_examples.usage_examples
core.symbolic.symbolic_memory_mapper.symbolic_memory_mapper
core.symbolic.drift_tools.drift_tools
core.symbolic.symbolic_drift_tracker.symbolic_drift_tracker
core.symbolic.bio_integration_hub.bio_integration_hub
core.symbolic.semantic_reasoner.semantic_reasoner
core.symbolic.trace_drift_tracker.trace_drift_tracker
core.symbolic.vision_vocabulary.vision_vocabulary
core.symbolic.symbolic_trace_map.symbolic_trace_map
core.symbolic.creative_market.creative_market
core.symbolic.symbolic_core.symbolic_core
core.symbolic.symbolic_language.symbolic_language
core.symbolic.symbolic_theme_clusterer.symbolic_theme_clusterer
core.symbolic.symbolic_healer.symbolic_healer
core.symbolic.bio_vocabulary.bio_vocabulary
core.symbolic.bridge.bridge
core.symbolic.symbolic_boot.symbolic_boot
core.symbolic.symbolic_reasoning.symbolic_reasoning
core.symbolic.symbolic_parser.symbolic_parser
core.symbolic.hybrid_integration.hybrid_integration
core.symbolic.TestIntegrationSimple.TestIntegrationSimple
core.symbolic.SymbolicReasoning.SymbolicReasoning
core.symbolic.restabilization_index.restabilization_index
core.symbolic.symbolic_dream_bridge.symbolic_dream_bridge
core.symbolic.loop_engine.loop_engine
core.symbolic.ethical_auditor.ethical_auditor
core.symbolic.symbolic_drift_tracker_trace.symbolic_drift_tracker_trace
core.symbolic.dream_divergence_map.dream_divergence_map
core.symbolic.glyph_engine.glyph_engine
core.symbolic.context.context
core.symbolic.symbolic_loop_controller.symbolic_loop_controller
core.symbolic.stream_handler.stream_handler
core.symbolic.symbolic_reasoning_adapter.symbolic_reasoning_adapter
core.symbolic.symbolic_integration.symbolic_integration
core.symbolic.dream_delivery_manager.dream_delivery_manager
core.symbolic.symbolic_feedback.symbolic_feedback
core.symbolic.symbolic_action_protocol.symbolic_action_protocol
core.symbolic.intent_detector.intent_detector
core.symbolic.neuro_symbolic_integration.neuro_symbolic_integration
core.symbolic.symbolic_chain.symbolic_chain
core.symbolic.symbolic_validator.symbolic_validator
core.symbolic.vocabulary.vocabulary
core.symbolic.symbolic_api.symbolic_api
core.symbolic.symbolic_bio_symbolic.symbolic_bio_symbolic
core.symbolic.message_hub.message_hub
core.monitoring.collapse_tracker.collapse_tracker
core.monitoring.drift_monitor.drift_monitor
core.events.typed_event_bus.typed_event_bus
core.modules.nias.openai_adapter.openai_adapter
core.modules.nias.dream_recorder.dream_recorder
core.neural_architectures.abas.abas_qi_specialist_wrapper.abas_qi_specialist_wrapper
core.neural_architectures.abas.abas_qi_specialist_mock.abas_qi_specialist_mock
core.services.personality.personas.personas
core.interfaces.dependency_injection.dependency_injection
core.interfaces.research_dashboard.research_dashboard
core.interfaces.core_interface.core_interface
core.interfaces.services.services
core.interfaces.memory_interface.memory_interface
core.interfaces.common_interface.common_interface
core.interfaces.moral_alignment_interface.moral_alignment_interface
core.interfaces.cli.cli
core.interfaces.interfaces_hub.interfaces_hub
core.interfaces.encrypted_perception_interface.encrypted_perception_interface
core.interfaces.app.app
core.interfaces.custom_llm.custom_llm
core.interfaces.launcher.launcher
core.interfaces.dev_dashboard.dev_dashboard
core.interfaces.common_interfaces.common_interfaces
core.interfaces.main.main
core.interfaces.socket.socket
core.interfaces.dashboad.dashboad
core.interfaces.web_formatter.web_formatter
core.interfaces.ui.gui_launcher.gui_launcher
core.interfaces.ui.components.voice_preview_streamlit.voice_preview_streamlit
core.interfaces.ui.components.replay_graphs.replay_graphs
core.interfaces.ui.components.tier_visualizer.tier_visualizer
core.interfaces.ui.components.payload_builder.payload_builder
core.interfaces.logic.consent_manager.consent_manager
core.interfaces.logic.delegate_logic.delegate_logic
core.interfaces.logic.agent_logic_architecture.agent_logic_architecture
core.interfaces.logic.voice_narration_player.voice_narration_player
core.interfaces.logic.agent_core.agent_core
core.interfaces.logic.safety_filter.safety_filter
core.interfaces.logic.memory_handler.memory_handler
core.interfaces.api.lambda_bot_api_integration.lambda_bot_api_integration
core.interfaces.as_agent.agent_logic.voice_narration_player.voice_narration_player
core.interfaces.as_agent.agent_logic.safety_filter.safety_filter
core.interfaces.as_agent.agent_logic.memory_handler.memory_handler
core.interfaces.as_agent.core.agent_handoff.agent_handoff
core.interfaces.as_agent.core.nias_filter.nias_filter
core.interfaces.as_agent.core.duet_conductor.duet_conductor
core.interfaces.as_agent.core.checkout_handler.checkout_handler
core.interfaces.as_agent.core.reward_reputation.reward_reputation
core.interfaces.as_agent.core.affiliate_log.affiliate_log
core.interfaces.as_agent.core.vision_prompts.vision_prompts
core.interfaces.as_agent.core.vendor_sync.vendor_sync
core.interfaces.as_agent.core.generate_video.generate_video
core.interfaces.as_agent.core.render_ai.render_ai
core.interfaces.as_agent.core.overview_log.overview_log
core.interfaces.as_agent.core.filter_gpt.filter_gpt
core.interfaces.as_agent.core.gatekeeper.gatekeeper
core.interfaces.as_agent.core.scheduler.scheduler
core.interfaces.as_agent.core.voice_duet.voice_duet
core.interfaces.as_agent.core.emotion_log.emotion_log
core.interfaces.as_agent.core.wallet.wallet
core.interfaces.as_agent.utils.constants.constants
core.interfaces.as_agent.utils.symbolic_github_export.symbolic_github_export
core.interfaces.as_agent.sys.nias.main_loop.main_loop
core.interfaces.as_agent.sys.nias.replay_queue.replay_queue
core.interfaces.as_agent.sys.nias.voice_narrator.voice_narrator
core.interfaces.as_agent.sys.nias.delivery_loop.delivery_loop
core.interfaces.as_agent.sys.nias.feedback_log_viewer.feedback_log_viewer
core.interfaces.as_agent.sys.nias.dream_narrator_queue.dream_narrator_queue
core.interfaces.as_agent.sys.nias.validate_payload.validate_payload
core.interfaces.as_agent.sys.nias.nias_core.nias_core
core.interfaces.as_agent.sys.nias.replay_heatmap.replay_heatmap
core.interfaces.as_agent.sys.nias.inject_message_simulator.inject_message_simulator
core.interfaces.as_agent.sys.nias.trace_logger.trace_logger
core.interfaces.as_agent.sys.nias.dream_export_streamlit.dream_export_streamlit
core.interfaces.as_agent.sys.nias.generate_payload_cli.generate_payload_cli
core.interfaces.as_agent.sys.nias.dream_log_viewer.dream_log_viewer
core.interfaces.as_agent.sys.nias.replay_visualizer.replay_visualizer
core.interfaces.as_agent.sys.nias.feedback_insight_cli.feedback_insight_cli
core.interfaces.as_agent.sys.nias.narration_controller.narration_controller
core.interfaces.as_agent.sys.dast.dast_logger_fixed.dast_logger_fixed
core.interfaces.as_agent.sys.dast.dast.dast
core.interfaces.as_agent.sys.dast.aggregator_fixed.aggregator_fixed
core.interfaces.as_agent.sys.dast.launcher.launcher
core.interfaces.as_agent.sys.dast.dast_logger.dast_logger
core.interfaces.as_agent.widgets.live_renderer_widget.live_renderer_widget
core.interfaces.as_agent.widgets.terminal_widget.terminal_widget
core.interfaces.as_agent.widgets.widget_archive.widget_archive
core.interfaces.as_agent.widgets.travel_widget.travel_widget
core.interfaces.as_agent.widgets.delivery_tracker_widget.delivery_tracker_widget
core.interfaces.as_agent.widgets.widget_config.widget_config
memory.service.service
memory.voice_memory_manager.voice_memory_manager
memory.memory_chain.memory_chain
memory.structural_conscience.structural_conscience
memory.fold_universal_bridge.fold_universal_bridge
memory.memory_optimization.memory_optimization
memory.basic.basic
memory.constellation_framework_validator.constellation_framework_validator
memory.symbol_aware_tiered_memory.symbol_aware_tiered_memory
memory.qi_manager.qi_manager
memory.drift_memory_manager.drift_memory_manager
memory.contracts.contracts
memory.neuroplastic_connector.neuroplastic_connector
memory.emotional_memory_manager_unified.emotional_memory_manager_unified
memory.node.node
memory.loop_monitor.loop_monitor
memory.lightweight_concurrency.lightweight_concurrency
memory.memory_fold_tracker.memory_fold_tracker
memory.memory_core.memory_core
memory.fold.fold
memory.visualizer.visualizer
memory.matriz_adapter.matriz_adapter
memory.core.base_manager.base_manager
memory.core.colony_memory_validator.colony_memory_validator
memory.core.qi_memory_manager.qi_memory_manager
memory.tests.memory_systems_integration_test.memory_systems_integration_test
memory.fakes.agimemory_fake.agimemory_fake
memory.folds.optimized_fold_engine.optimized_fold_engine
memory.folds.openai_memory_adapter.openai_memory_adapter
memory.folds.unified_memory_core.unified_memory_core
memory.folds.services.services
memory.folds.healix_mapper.healix_mapper
memory.folds.event_replayer.event_replayer
memory.folds.fold_engine.fold_engine
memory.folds.smart_consolidation.smart_consolidation
memory.folds.memory_fold.memory_fold
memory.folds.trait_sync.trait_sync
memory.folds.memory_endpoints.memory_endpoints
memory.folds.ISOLATED_FILES_ASSESSMENT.ISOLATED_FILES_ASSESSMENT
memory.folds.dreamseed_example.dreamseed_example
memory.folds.dream_memory_fold.dream_memory_fold
memory.folds.rem.rem
memory.folds.scaffold_modules_reasoning_engine.scaffold_modules_reasoning_engine
bridge.explainability_interface_layer.explainability_interface_layer
bridge.llm_wrappers.openai_modulated_service.openai_modulated_service
bridge.adapters.api_framework.api_framework
bridge.api.controllers.controllers
bridge.api.onboarding.onboarding
bridge.api.api.api
consciousness.orchestration_bridge.orchestration_bridge
consciousness.services.services
consciousness.bridge.bridge
consciousness.dream_bridge_adapter.dream_bridge_adapter
consciousness.qi_consciousness_integration.qi_consciousness_integration
consciousness.platform.platform
consciousness.activation.activation
consciousness.dream_bridge.dream_bridge
consciousness.pattern_separator.pattern_separator
consciousness.neuroplastic_connector.neuroplastic_connector
consciousness.matriz_adapter.matriz_adapter
consciousness.persona_similarity_engine.persona_similarity_engine
consciousness.loop_meta_learning.loop_meta_learning
consciousness.cognitive.reflective_introspection.reflective_introspection
consciousness.awareness.awareness_monitoring_system.awareness_monitoring_system
consciousness.awareness.lukhas_awareness_protocol.lukhas_awareness_protocol
consciousness.awareness.symbolic_trace_logger.symbolic_trace_logger
consciousness.awareness.awareness_protocol.awareness_protocol
consciousness.awareness.bio_symbolic_awareness_adapter.bio_symbolic_awareness_adapter
consciousness.awareness.attention_monitor.attention_monitor
consciousness.awareness.symbolic_qi_attention.symbolic_qi_attention
consciousness.awareness.awareness_engine.awareness_engine
consciousness.awareness.system_awareness.system_awareness
consciousness.awareness.awareness_log_synchronizer.awareness_log_synchronizer
consciousness.awareness.awareness_processor.awareness_processor
consciousness.awareness.awareness_tracker.awareness_tracker
consciousness.unified.oscillator.oscillator
consciousness.unified.symbolic_bio_symbolic_orchestrator.symbolic_bio_symbolic_orchestrator
consciousness.unified.auto_consciousness.auto_consciousness
consciousness.unified.consolidate_consciousness_unification.consolidate_consciousness_unification
consciousness.resilience.circuit_breaker_framework.circuit_breaker_framework
consciousness.systems.validator.validator
consciousness.systems.integrator.integrator
consciousness.systems.mapper.mapper
consciousness.systems.consciousness.consciousness
consciousness.systems.lambda_bot_consciousness_integration.lambda_bot_consciousness_integration
consciousness.systems.consciousness_colony_integration.consciousness_colony_integration
consciousness.systems.lambda_mirror.lambda_mirror
consciousness.systems.advanced_consciousness_engine.advanced_consciousness_engine
consciousness.systems.ΛBot_consciousness_monitor.ΛBot_consciousness_monitor
consciousness.systems.unified_consciousness_engine.unified_consciousness_engine
consciousness.systems.state.state
consciousness.dream.redirect_justifier.redirect_justifier
consciousness.dream.breakthrough_detector.breakthrough_detector
consciousness.dream.dream_visualization.dream_visualization
consciousness.dream.dream_pipeline.dream_pipeline
consciousness.dream.dream_narrator_queue.dream_narrator_queue
consciousness.dream.lucid_dreaming.lucid_dreaming
consciousness.dream.dream_stats.dream_stats
consciousness.dream.dream_replay.dream_replay
consciousness.dream.dream_director.dream_director
consciousness.dream.symbolic_dream_interpretation.symbolic_dream_interpretation
consciousness.dream.innovation_drift_protection.innovation_drift_protection
consciousness.dream.oracle_dream.oracle_dream
consciousness.dream.dream_mutator.dream_mutator
consciousness.dream.redirect_trace_replayer.redirect_trace_replayer
consciousness.dream.dream_export_streamlit.dream_export_streamlit
consciousness.dream.openai_dream_integration.openai_dream_integration
consciousness.dream.immersive_ingestion.immersive_ingestion
consciousness.dream.dream_service_init.dream_service_init
consciousness.dream.reality_synthesis_engine.reality_synthesis_engine
consciousness.dream.dream_trace_linker.dream_trace_linker
consciousness.dream.dream_injector.dream_injector
consciousness.dream.dream_data_sources.dream_data_sources
consciousness.dream.autonomous_innovation_core.autonomous_innovation_core
consciousness.dream.dream_analytics.dream_analytics
consciousness.dream.dream_summary_generator.dream_summary_generator
consciousness.dream.dream_verification_colony.dream_verification_colony
consciousness.dream.parallel_reality_safety.parallel_reality_safety
consciousness.dream.core.dream_log.dream_log
consciousness.dream.core.dream_memory_integration.dream_memory_integration
consciousness.dream.core.dream_memory_manager.dream_memory_manager
consciousness.dream.core.dream_loop_generator.dream_loop_generator
consciousness.dream.core.dream_seed_simple.dream_seed_simple
consciousness.dream.core.dream_stats.dream_stats
consciousness.dream.core.dream_snapshot.dream_snapshot
consciousness.dream.core.dream_replay.dream_replay
consciousness.dream.core.dream_engine.dream_engine
consciousness.dream.core.voice_parameter.voice_parameter
consciousness.dream.core.dream_state_manager.dream_state_manager
consciousness.dream.core.dream_feedback_controller.dream_feedback_controller
consciousness.dream.core.ethics_guard.ethics_guard
consciousness.dream.core.dream_export_streamlit.dream_export_streamlit
consciousness.dream.core.dream_emotion_bridge.dream_emotion_bridge
consciousness.dream.core.dream_cli.dream_cli
consciousness.dream.core.dream_reflection_loop_simple.dream_reflection_loop_simple
consciousness.dream.core.dream_log_viewer.dream_log_viewer
consciousness.dream.core.dream_seed.dream_seed
consciousness.dream.core.dream_sequence_coordinator.dream_sequence_coordinator
consciousness.dream.core.dream_injector.dream_injector
consciousness.dream.core.dream_limiter.dream_limiter
consciousness.dream.core.dream_viewer.dream_viewer
consciousness.reflection.dream_narrator.dream_narrator
consciousness.reflection.consciousness_api.consciousness_api
consciousness.reflection.service.service
consciousness.reflection.brain_integration.brain_integration
consciousness.reflection.controller.controller
consciousness.reflection.MetaLearningAdapter.MetaLearningAdapter
consciousness.reflection.integration_manager.integration_manager
consciousness.reflection.cognitive_architecture_controller.cognitive_architecture_controller
consciousness.reflection.metalearningenhancementsystem.metalearningenhancementsystem
consciousness.reflection.abas_qi_specialist.abas_qi_specialist
consciousness.reflection.research_awareness_engine.research_awareness_engine
consciousness.reflection.client.client
consciousness.reflection.oscillator.oscillator
consciousness.reflection.identity_hub.identity_hub
consciousness.reflection.colony_orchestrator.colony_orchestrator
consciousness.reflection.emotional.emotional
consciousness.reflection.openai_core_service.openai_core_service
consciousness.reflection.practical_optimizations.practical_optimizations
consciousness.reflection.lambda_mirror.lambda_mirror
consciousness.reflection.self_reflection_engine.self_reflection_engine
consciousness.reflection.visionary_orchestrator.visionary_orchestrator
consciousness.reflection.master_orchestrator.master_orchestrator
consciousness.reflection.bio_crista_optimizer_adapter.bio_crista_optimizer_adapter
consciousness.reflection.certificate_manager.certificate_manager
consciousness.reflection.qrg_100_percent_coverage.qrg_100_percent_coverage
consciousness.reflection.ethical_drift_sentinel.ethical_drift_sentinel
consciousness.reflection.unified_memory_manager.unified_memory_manager
consciousness.reflection.openai_modulated_service.openai_modulated_service
consciousness.reflection.layer.layer
consciousness.reflection.bio_system.bio_system
consciousness.reflection.meta_learning_adapter.meta_learning_adapter
consciousness.reflection.qi_dream_adapter.qi_dream_adapter
consciousness.reflection.monitoring_observability.monitoring_observability
consciousness.reflection.processing_core.processing_core
consciousness.reflection._dict_learning._dict_learning
consciousness.reflection.qi_memory_manager.qi_memory_manager
consciousness.reflection.token_budget_controller.token_budget_controller
consciousness.reflection.full_connectivity_resolver.full_connectivity_resolver
consciousness.reflection.awareness.awareness
consciousness.reflection.qi_layer.qi_layer
consciousness.reflection.core_integrator.core_integrator
consciousness.reflection.consciousness_hub.consciousness_hub
consciousness.reflection.actor_system.actor_system
consciousness.reflection.symbolic_weaver.symbolic_weaver
tests.conftest.conftest
tests.test_candidate_unit.test_candidate_unit
tests.test_symbolic_bridge_temporal_map.test_symbolic_bridge_temporal_map
tests.test_candidate_integration.test_candidate_integration
orchestration.kernel_bus_examples.kernel_bus_examples
orchestration.high_performance_context_bus.high_performance_context_bus
orchestration.context_bus.context_bus
orchestration.multi_model_orchestration.multi_model_orchestration
orchestration.symbolic_kernel_bus.symbolic_kernel_bus
orchestration.intelligence_adapter.intelligence_adapter
orchestration.migrate_to_kernel_bus.migrate_to_kernel_bus
orchestration.openai_modulated_service.openai_modulated_service
orchestration.dream_orchestrator.dream_orchestrator
orchestration.matriz_adapter.matriz_adapter
orchestration.signals.modulator.modulator
orchestration.signals.homeostasis.homeostasis
orchestration.signals.homeostasis_controller.homeostasis_controller
orchestration.signals.diagnostic_signal_type.diagnostic_signal_type
orchestration.signals.prompt_modulator.prompt_modulator
orchestration.signals.signal_bus.signal_bus
orchestration.brain.unified_cognitive_orchestrator.unified_cognitive_orchestrator
governance.guardian_shadow_filter.guardian_shadow_filter
governance.drift_dashboard_visual.drift_dashboard_visual
governance.auth_governance_policies.auth_governance_policies
governance.guardian_sentinel.guardian_sentinel
governance.audit_trail.audit_trail
governance.audit_logger.audit_logger
governance.intelligence_safety_validator.intelligence_safety_validator
governance.neuroplastic_connector.neuroplastic_connector
governance.guardian_system.guardian_system
governance.compliance_dashboard_visual.compliance_dashboard_visual
governance.drift_governor.drift_governor
governance.identity_integration.identity_integration
governance.compliance_drift_monitor.compliance_drift_monitor
governance.auth_integration_system.auth_integration_system
governance.matriz_adapter.matriz_adapter
governance.oversight.rate_modulator.rate_modulator
governance.oversight.remediator_agent.remediator_agent
governance.oversight.gen_compliance_drift_scan.gen_compliance_drift_scan
governance.oversight.consolidate_guardian_governance.consolidate_guardian_governance
governance.oversight.human_oversight_manager.human_oversight_manager
governance.oversight.compliance_drift_simulation.compliance_drift_simulation
governance.oversight.governance_monitor.governance_monitor
governance.oversight.hitlo_bridge_simple.hitlo_bridge_simple
governance.identity.trace.trace
governance.identity.import_bridge.import_bridge
governance.identity.interface.interface
governance.identity.access_tier_manager.access_tier_manager
governance.identity.privacy_manager.privacy_manager
governance.identity.identity_validator.identity_validator
governance.identity.qrg_showcase.qrg_showcase
governance.identity.deployment_package.deployment_package
governance.identity.qrg_coverage_integration.qrg_coverage_integration
governance.identity.lambda_id_auth.lambda_id_auth
governance.identity.constellation_glyph_integration.constellation_glyph_integration
governance.identity.connector.connector
governance.identity.lid.lid
governance.identity.auth_backend.multi_user_sync.multi_user_sync
governance.identity.auth_backend.cross_device_handshake.cross_device_handshake
governance.identity.auth_backend.webrtc_peer_sync.webrtc_peer_sync
governance.identity.auth_backend.trust_scorer.trust_scorer
governance.identity.auth_backend.authentication_server.authentication_server
governance.identity.auth_backend.audit_logger.audit_logger
governance.identity.auth_backend.pqc_crypto_engine.pqc_crypto_engine
governance.identity.auth_backend.qr_entropy_generator.qr_entropy_generator
governance.identity.auth_backend.auth_integration_system.auth_integration_system
governance.identity.core.constitutional_gatekeeper.constitutional_gatekeeper
governance.identity.core.namespace_manager.namespace_manager
governance.identity.core.lambd_id_service.lambd_id_service
governance.identity.core.user_tier_mapping.user_tier_mapping
governance.identity.core.brain_identity_connector.brain_identity_connector
governance.identity.core.lambda_id_service.lambda_id_service
governance.identity.core.id_service.lambda_id_generator.lambda_id_generator
governance.identity.core.id_service.lambda_id_entropy.lambda_id_entropy
governance.identity.core.id_service.entropy_engine.entropy_engine
governance.identity.core.id_service.portability_system.portability_system
governance.identity.core.id_service.lambd_id_validator.lambd_id_validator
governance.identity.core.id_service.lambda_id_validator.lambda_id_validator
governance.identity.core.id_service.mnemonic.mnemonic
governance.identity.core.id_service.lambd_id_entropy.lambd_id_entropy
governance.identity.core.id_service.lambd_id_generator.lambd_id_generator
governance.identity.core.sent.consent_manager.consent_manager
governance.identity.core.sent.consent_history.consent_history
governance.identity.core.sent.policy_engine.policy_engine
governance.identity.core.sent.symbolic_scopes.symbolic_scopes
governance.identity.core.qrs.qrg_generator.qrg_generator
governance.identity.core.qrs.session_replay.session_replay
governance.identity.core.sing.sso_engine.sso_engine
governance.identity.core.sing.cross_device_manager.cross_device_manager
governance.identity.auth_integrations.qrg_bridge.qrg_bridge
governance.identity.auth_integrations.wallet_bridge.wallet_bridge
governance.healthcare.decision_support.decision_support
governance.healthcare.case_manager.case_manager
governance.safety.constitutional_ai_safety.constitutional_ai_safety
governance.ethics.ethical_safety_alignment.ethical_safety_alignment
governance.ethics.enhanced_ethical_guardian.enhanced_ethical_guardian
governance.ethics.gpt4_policy.gpt4_policy
governance.ethics.ethics_monitor.ethics_monitor
governance.ethics.policy_validator.policy_validator
governance.ethics.remediator_agent.remediator_agent
governance.ethics.edu_module.edu_module
governance.ethics.ethical_engine.ethical_engine
governance.ethics.meta_ethics_governor.meta_ethics_governor
governance.ethics.policy_engine.policy_engine
governance.ethics.monitor.monitor
governance.ethics.ethical_guardian.ethical_guardian
governance.ethics.ethics_engine.ethics_engine
governance.ethics.governance_engine.governance_engine
governance.ethics.ethical_hierarchy.ethical_hierarchy
governance.ethics.validators.validators
governance.ethics.batch_guard.batch_guard
governance.ethics.audit_ethics_monitor.audit_ethics_monitor
governance.ethics.red_team_simulation_suite.red_team_simulation_suite
governance.ethics.shared_ethics_engine.shared_ethics_engine
governance.ethics.ethics_guardian.ethics_guardian
governance.ethics.ethical_drift_detector.ethical_drift_detector
governance.ethics.redteam_sim.redteam_sim
governance.ethics.data_protection_validator.data_protection_validator
governance.ethics._spikethickness._spikethickness
governance.ethics.constitutional_ai.constitutional_ai
governance.ethics.decision_node.decision_node
governance.ethics.HEADER_FOOTER_TEMPLATE.HEADER_FOOTER_TEMPLATE
governance.ethics.moral_agent_template.moral_agent_template
governance.ethics.guardian.guardian
governance.ethics.utils.utils
governance.ethics.ethical_reasoning_integration.ethical_reasoning_integration
governance.ethics.missing_components_analyzer.missing_components_analyzer
governance.ethics.governance_checker.governance_checker
governance.ethics.LGOV_validator.LGOV_validator
governance.ethics.hitlo_bridge.hitlo_bridge
governance.ethics.dream_generator.dream_generator
governance.ethics.tag_misinterpretation_sim.tag_misinterpretation_sim
governance.ethics.ethics.ethics
governance.ethics.governance_validator.governance_validator
governance.ethics.ethical_sentinel_dashboard.ethical_sentinel_dashboard
governance.ethics.decision_framework.decision_framework
governance.ethics.meg_bridge.meg_bridge
governance.ethics.voice_duet.voice_duet
governance.ethics.ethical_evaluator.ethical_evaluator
governance.ethics.enhanced_pwm_guardian.enhanced_pwm_guardian
governance.ethics.lambda_auditor.lambda_auditor
governance.consent.consent_manager.consent_manager
governance.guardian.security_event_monitor.security_event_monitor
governance.guardian.monitoring_dashboard.monitoring_dashboard
governance.guardian.debug_interface.debug_interface
governance.guardian.drift_detector.drift_detector
governance.guardian.core.core
governance.guardian.repair_system.repair_system
governance.guardian.guardian.guardian
governance.guardian.pwm_workspace_guardian.pwm_workspace_guardian
governance.guardian.workspace_guardian.workspace_guardian
governance.guardian.guardian_system.guardian_system
governance.guardian.sentinel.sentinel
governance.guardian.guardian_validator.guardian_validator
api.perf.perf
api.metrics.metrics
api.audit.audit
api.tools.tools
api.dna.dna
api.ops.ops
api.admin.admin
api.incidents.incidents
emotion.affect_stagnation_detector.affect_stagnation_detector
emotion.dreamseed_upgrade.dreamseed_upgrade
emotion.models.models
emotion.symbolic_user_intent.symbolic_user_intent
emotion.emotion_hub.emotion_hub
emotion.cycler.cycler
emotion.neuroplastic_connector.neuroplastic_connector
emotion.recurring_emotion_tracker.recurring_emotion_tracker
emotion.mood_regulator.mood_regulator
emotion.matriz_adapter.matriz_adapter
